"Code","Weigths"
"CYB_ETF",0.625118245898106
"Cash",0.374881754101894
