"Code","Weigths"
"sz.300014",0.129480995197679
"sz.300274",0.218579390771345
"CYB_ETF",1.65164019632734e-16
"Cash",0.651939614030977
