"Code","Weigths"
"sz.300014",0.0364511754806068
"sz.300274",0.0887631373345418
"CYB_ETF",0.423767347888334
"Cash",0.451018339296517
