"Code","Weigths"
"sz.300014",0.053024572648118
"sz.300274",0.00980465900567748
"CYB_ETF",0.526564973944353
"Cash",0.410605794401852
