"Code","Weigths"
"sz.300014",0.0596208120326503
"sz.300274",0.105006465852762
"CYB_ETF",0.372637783610137
"Cash",0.462734938504451
