"Code","Weigths"
"sh.600745","0.04370132"
"sh.600809","0.2208935"
"sh.601012","0.1194509"
"sh.603501","0.1035952"
"sh.601066","0.008947412"
"Cash","0.503411668"
